size,nps_inch,dn
1/8",0.125,
1/4",0.25,
3/8",0.375,
1/2",0.5,
3/4",0.75,
1",1,
1 1/4",1.25,
1 1/2",1.5,
2",2,
2 1/2",2.5,
3",3,
3 1/2",3.5,
4",4,
5",5,
6",6,
8",8,
10",10,
12",12,
14",14,
16",16,
18",18,
20",20,
22",22,
24",24,
26",26,
28",28,
30",30,
32",32,
34",34,
36",36,
38",38,
40",40,
42",42,
44",44,
46",46,
48",48,
54",54,
60",60,
66",66,
72",72,
78",78,
84",84,
90",90,
96",96,
102",102,
108",108,
114",114,
120",120,
126",126,
132",132,
138",138,
144",144,
1/4" × 1/8",0.25,
3/8" × 1/8",0.375,
3/8" × 1/4",0.375,
1/2" × 1/8",0.5,
1/2" × 1/4",0.5,
1/2" × 3/8",0.5,
3/4" × 1/8",0.75,
3/4" × 1/4",0.75,
3/4" × 3/8",0.75,
3/4" × 1/2",0.75,
1" × 1/8",1,
1" × 1/4",1,
1" × 3/8",1,
1" × 1/2",1,
1" × 3/4",1,
1 1/4" × 1/8",1.25,
1 1/4" × 1/4",1.25,
1 1/4" × 3/8",1.25,
1 1/4" × 1/2",1.25,
1 1/4" × 3/4",1.25,
1 1/4" × 1",1.25,
1 1/2" × 1/8",1.5,
1 1/2" × 1/4",1.5,
1 1/2" × 3/8",1.5,
1 1/2" × 1/2",1.5,
1 1/2" × 3/4",1.5,
1 1/2" × 1",1.5,
1 1/2" × 1 1/4",1.5,
2" × 1/8",2,
2" × 1/4",2,
2" × 3/8",2,
2" × 1/2",2,
2" × 3/4",2,
2" × 1",2,
2" × 1 1/4",2,
2" × 1 1/2",2,
2 1/2" × 1/8",2.5,
2 1/2" × 1/4",2.5,
2 1/2" × 3/8",2.5,
2 1/2" × 1/2",2.5,
2 1/2" × 3/4",2.5,
2 1/2" × 1",2.5,
2 1/2" × 1 1/4",2.5,
2 1/2" × 1 1/2",2.5,
2 1/2" × 2",2.5,
3" × 1/8",3,
3" × 1/4",3,
3" × 3/8",3,
3" × 1/2",3,
3" × 3/4",3,
3" × 1",3,
3" × 1 1/4",3,
3" × 1 1/2",3,
3" × 2",3,
3" × 2 1/2",3,
3 1/2" × 1/8",3.5,
3 1/2" × 1/4",3.5,
3 1/2" × 3/8",3.5,
3 1/2" × 1/2",3.5,
3 1/2" × 3/4",3.5,
3 1/2" × 1",3.5,
3 1/2" × 1 1/4",3.5,
3 1/2" × 1 1/2",3.5,
3 1/2" × 2",3.5,
3 1/2" × 2 1/2",3.5,
3 1/2" × 3",3.5,
4" × 1/4",4,
4" × 3/8",4,
4" × 1/2",4,
4" × 3/4",4,
4" × 1",4,
4" × 1 1/4",4,
4" × 1 1/2",4,
4" × 2",4,
4" × 2 1/2",4,
4" × 3",4,
4" × 3 1/2",4,
5" × 1/4",5,
5" × 3/8",5,
5" × 1/2",5,
5" × 3/4",5,
5" × 1",5,
5" × 1 1/4",5,
5" × 1 1/2",5,
5" × 2",5,
5" × 2 1/2",5,
5" × 3",5,
5" × 3 1/2",5,
5" × 4",5,
6" × 1/2",6,
6" × 3/4",6,
6" × 1",6,
6" × 1 1/4",6,
6" × 1 1/2",6,
6" × 2",6,
6" × 2 1/2",6,
6" × 3",6,
6" × 3 1/2",6,
6" × 4",6,
6" × 5",6,
8" × 1",8,
8" × 1 1/4",8,
8" × 1 1/2",8,
8" × 2",8,
8" × 2 1/2",8,
8" × 3",8,
8" × 3 1/2",8,
8" × 4",8,
8" × 5",8,
8" × 6",8,
10" × 2",10,
10" × 2 1/2",10,
10" × 3",10,
10" × 3 1/2",10,
10" × 4",10,
10" × 5",10,
10" × 6",10,
10" × 8",10,
12" × 2",12,
12" × 2 1/2",12,
12" × 3",12,
12" × 3 1/2",12,
12" × 4",12,
12" × 5",12,
12" × 6",12,
12" × 8",12,
12" × 10",12,
14" × 6",14,
14" × 8",14,
14" × 10",14,
14" × 12",14,
16" × 6",16,
16" × 8",16,
16" × 10",16,
16" × 12",16,
16" × 14",16,
18" × 8",18,
18" × 10",18,
18" × 12",18,
18" × 14",18,
18" × 16",18,
20" × 8",20,
20" × 10",20,
20" × 12",20,
20" × 14",20,
20" × 16",20,
20" × 18",20,
22" × 10",22,
22" × 12",22,
22" × 14",22,
22" × 16",22,
22" × 18",22,
22" × 20",22,
24" × 10",24,
24" × 12",24,
24" × 14",24,
24" × 16",24,
24" × 18",24,
24" × 20",24,
24" × 22",24,
26" × 12",26,
26" × 14",26,
26" × 16",26,
26" × 18",26,
26" × 20",26,
26" × 22",26,
26" × 24",26,
28" × 12",28,
28" × 14",28,
28" × 16",28,
28" × 18",28,
28" × 20",28,
28" × 22",28,
28" × 24",28,
28" × 26",28,
30" × 10",30,
30" × 12",30,
30" × 14",30,
30" × 16",30,
30" × 18",30,
30" × 20",30,
30" × 22",30,
30" × 24",30,
30" × 26",30,
30" × 28",30,
32" × 14",32,
32" × 16",32,
32" × 18",32,
32" × 20",32,
32" × 22",32,
32" × 24",32,
32" × 26",32,
32" × 28",32,
32" × 30",32,
34" × 16",34,
34" × 18",34,
34" × 20",34,
34" × 22",34,
34" × 24",34,
34" × 26",34,
34" × 28",34,
34" × 30",34,
34" × 32",34,
36" × 16",36,
36" × 18",36,
36" × 20",36,
36" × 22",36,
36" × 24",36,
36" × 26",36,
36" × 28",36,
36" × 30",36,
36" × 32",36,
36" × 34",36,
38" × 18",38,
38" × 20",38,
38" × 22",38,
38" × 24",38,
38" × 26",38,
38" × 28",38,
38" × 30",38,
38" × 32",38,
38" × 34",38,
38" × 36",38,
40" × 18",40,
40" × 20",40,
40" × 22",40,
40" × 24",40,
40" × 26",40,
40" × 28",40,
40" × 30",40,
40" × 32",40,
40" × 34",40,
40" × 36",40,
40" × 38",40,
42" × 16",42,
42" × 18",42,
42" × 20",42,
42" × 22",42,
42" × 24",42,
42" × 26",42,
42" × 28",42,
42" × 30",42,
42" × 32",42,
42" × 34",42,
42" × 36",42,
42" × 38",42,
42" × 40",42,
44" × 20",44,
44" × 22",44,
44" × 24",44,
44" × 26",44,
44" × 28",44,
44" × 30",44,
44" × 32",44,
44" × 34",44,
44" × 36",44,
44" × 38",44,
44" × 40",44,
44" × 42",44,
46" × 22",46,
46" × 24",46,
46" × 26",46,
46" × 28",46,
46" × 30",46,
46" × 32",46,
46" × 34",46,
46" × 36",46,
46" × 38",46,
46" × 40",46,
46" × 42",46,
46" × 44",46,
48" × 22",48,
48" × 24",48,
48" × 26",48,
48" × 28",48,
48" × 30",48,
48" × 32",48,
48" × 34",48,
48" × 36",48,
48" × 38",48,
48" × 40",48,
48" × 42",48,
48" × 44",48,
48" × 46",48,
DN20,,20
DN25,,25
DN32,,32
DN40,,40
DN50,,50
DN63,,63
DN75,,75
DN90,,90
DN110,,110
DN125,,125
DN160,,160
DN200,,200
DN250,,250
DN315,,315
DN355,,355
DN400,,400
DN450,,450
DN500,,500
DN630,,630
DN710,,710
DN800,,800
DN900,,900
DN1000,,1000
DN1200,,1200
DN25 × DN20,,25
DN32 × DN20,,32
DN32 × DN25,,32
DN40 × DN20,,40
DN40 × DN25,,40
DN40 × DN32,,40
DN50 × DN25,,50
DN50 × DN32,,50
DN50 × DN40,,50
DN63 × DN25,,63
DN63 × DN32,,63
DN63 × DN40,,63
DN63 × DN50,,63
DN75 × DN40,,75
DN75 × DN50,,75
DN75 × DN63,,75
DN90 × DN50,,90
DN90 × DN63,,90
DN90 × DN75,,90
DN110 × DN63,,110
DN110 × DN75,,110
DN110 × DN50,,110
DN110 × DN90,,110
DN125 × DN63,,125
DN125 × DN90,,125
DN125 × DN110,,125
DN160 × DN90,,160
DN160 × DN110,,160
DN160 × DN125,,160
DN200 × DN110,,200
DN200 × DN160,,200
DN225 × DN160,,225
DN250 × DN160,,250
DN250 × DN200,,250
DN250 × DN225,,250
DN315 × DN160,,315
DN315 × DN200,,315
DN315 × DN250,,315
DN355 × DN250,,355
DN355 × DN315,,355
DN400 × DN200,,400
DN400 × DN315,,400
DN400 × DN355,,400
DN450 × DN400,,450
DN500 × DN315,,500
DN500 × DN400,,500
DN500 × DN450,,500
DN560 × DN400,,560
DN560 × DN500,,560
DN630 × DN400,,630
DN630 × DN500,,630
DN630 × DN560,,630
